"aaron",,09/14/09 02:03 PM,"aarons2e1252962187736",2,"s2e",1234
"bob",,09/15/09 02:24 PM,"bobpow1a1253049822904",2,"pow1a",1234
"bob",,09/15/09 01:30 PM,"bobvec1a1253046568922",2,"vec1a",1234
"bob",,09/15/09 01:49 PM,"bobvec3c1253047745822",2,"vec3c",1234
"brett",,09/12/09 03:03 PM,"brettkt1a1252793023201",2,"kt1a",1234
"Brett",,09/14/09 11:27 PM,"Brettkt1a1252996032848",2,"kt1a",1234
"brett",,09/15/09 02:26 PM,"brettkt1a1253050017223",2,"kt1a",1234
"brett",,09/15/09 03:27 PM,"brettkt1a1253053662824",2,"kt1a",1234
"Brett",,09/14/09 02:32 PM,"Bretts2e1252963936929",2,"s2e",1234
"Brett",,09/14/09 05:38 PM,"Bretts2e1252975133057",2,"s2e",1234
"brett",,09/15/09 08:49 AM,"bretts2e1253029769218",2,"s2e",1234
"brett",,09/15/09 03:23 PM,"bretts2e1253053385821",2,"s2e",1234
"brett",,09/15/09 03:37 PM,"bretts2e1253054278537",2,"s2e",1234
"brett",,09/15/09 03:42 PM,"bretts2e1253054557178",2,"s2e",1234
"brett",,09/15/09 03:45 PM,"bretts2e1253054747091",2,"s2e",1234
"brett",,09/15/09 03:51 PM,"bretts2e1253055075242",2,"s2e",1234
"butt",,09/15/09 03:26 PM,"butts2e1253053614609",2,"s2e",1234
"bvds-first-try-on-ma",,09/14/09 02:40 PM,"bvds-first-try-on-main-servers2e1252964447089",2,"s2e",1234
"bvds-first-try-on-ma",,09/14/09 02:41 PM,"bvds-first-try-on-main-servers2e1252964469542",2,"s2e",1234
"bvds-first-try-on-ma",,09/14/09 02:42 PM,"bvds-first-try-on-main-servers2e1252964525383",2,"s2e",1234
"bvds-first-try-on-ma",,09/15/09 01:45 PM,"bvds-first-try-on-main-servers2e1253047546652",2,"s2e",1234
"bvds",,09/15/09 04:30 PM,"bvdskt1a1253057444192",2,"kt1a",1234
"bvds",,09/15/09 03:51 PM,"bvdss2e1253055101166",2,"s2e",1234
"bvds",,09/15/09 03:53 PM,"bvdss2e1253055186359",2,"s2e",1234
"bvds",,09/15/09 03:53 PM,"bvdss2e1253055207591",2,"s2e",1234
"bvds",,09/15/09 04:21 PM,"bvdss2e1253056859747",2,"s2e",1234
"bvds",,09/15/09 04:34 PM,"bvdss2e1253057655236",2,"s2e",1234
"BvdS",,09/15/09 04:46 PM,"BvdSs2e1253058378433",2,"s2e",1234
"bvsds",,09/15/09 04:31 PM,"bvsdss2e1253057463973",2,"s2e",1234
"christiaan",,09/12/09 03:12 PM,"christiaankt1a1252793579186",2,"kt1a",1234
"fred",,09/14/09 02:16 PM,"freds2e1252962962366",2,"s2e",1234
"fred",,09/14/09 02:16 PM,"freds2e1252963000805",2,"s2e",1234
"jkljkljkl",,09/15/09 01:46 PM,"jkljkljkls2e1253047598202",2,"s2e",1234
,,09/12/09 04:03 PM,"joe1s2e1252789393068",2,,
"joe1",,09/12/09 08:41 PM,"joe1s2e1252813264625",2,"s2e",1234
"joe1",,09/15/09 04:17 PM,"joe1s2e1253056630062",2,"s2e",1234
"joe1",,09/16/09 07:47 AM,"joe1s2e1253112467566",2,"s2e",1234
,,09/11/09 04:31 PM,"joee1a1252711900605",1,,
,,09/09/09 02:26 PM,"joeepow21252531592046",1,,
,,09/09/09 02:27 PM,"joeepow21252531655946",1,,
,,09/09/09 02:31 PM,"joeepow21252531911881",1,,
,,09/09/09 02:49 PM,"joeepow21252532966031",1,,
"joe",,09/12/09 03:11 PM,"joekt1a1252793487178",2,"kt1a",1234
,,09/09/09 01:08 PM,"joels2e1252526936482",1,,
,,09/09/09 01:12 PM,"joels2e1252527140179",1,,
,,09/09/09 01:29 PM,"joels2e1252528145778",1,,
,,09/09/09 01:30 PM,"joels2e1252528256991",1,,
,,09/09/09 01:34 PM,"joels2e1252528481599",1,,
,,09/09/09 01:42 PM,"joels2e1252528949399",1,,
,,09/09/09 01:49 PM,"joels2e1252529374061",1,,
,,09/09/09 02:25 PM,"joerc1a1252531533851",1,,
,,09/08/09 11:11 AM,"joes2e1252107192340",1,,
,,09/08/09 11:21 AM,"joes2e1252434075646",1,,
,,09/08/09 11:22 AM,"joes2e1252434170688",1,,
,,09/08/09 11:24 AM,"joes2e1252434291629",1,,
,,09/09/09 01:08 PM,"joes2e1252526906074",1,,
,,09/09/09 01:59 PM,"joes2e1252529980118",1,,
,,09/09/09 02:06 PM,"joes2e1252530363357",1,,
,,09/09/09 02:21 PM,"joes2e1252531269216",1,,
,,09/09/09 02:25 PM,"joes2e1252531559088",1,,
,,09/09/09 02:51 PM,"joes2e1252533093490",1,,
,,09/09/09 03:02 PM,"joes2e1252533755601",1,,
,,09/10/09 10:10 AM,"joes2e1252602647112",1,,
,,09/10/09 10:48 AM,"joes2e1252604880353",1,,
,,09/10/09 10:57 AM,"joes2e1252605457549",1,,
,,09/10/09 11:02 AM,"joes2e1252605732056",1,,
,,09/10/09 11:15 AM,"joes2e1252606556814",1,,
,,09/10/09 11:19 AM,"joes2e1252606743151",1,,
,,09/10/09 11:30 AM,"joes2e1252607407712",1,,
,,09/10/09 11:39 AM,"joes2e1252607957634",1,,
,,09/10/09 12:15 PM,"joes2e1252610133218",1,,
,,09/10/09 12:20 PM,"joes2e1252610429092",1,,
,,09/10/09 12:47 PM,"joes2e1252612055515",1,,
,,09/10/09 01:07 PM,"joes2e1252613234277",1,,
,,09/10/09 01:13 PM,"joes2e1252613580019",1,,
,,09/10/09 01:43 PM,"joes2e1252615393382",1,,
,,09/10/09 01:57 PM,"joes2e1252616233288",1,,
,,09/10/09 02:04 PM,"joes2e1252616690264",1,,
,,09/10/09 02:31 PM,"joes2e1252618319001",1,,
,,09/10/09 02:56 PM,"joes2e1252619783797",1,,
,,09/10/09 02:56 PM,"joes2e1252619805249",1,,
,,09/10/09 02:57 PM,"joes2e1252619857990",1,,
,,09/10/09 03:02 PM,"joes2e1252620132510",1,,
,,09/10/09 03:08 PM,"joes2e1252620531455",1,,
,,09/10/09 03:12 PM,"joes2e1252620756389",1,,
,,09/10/09 03:25 PM,"joes2e1252621529998",1,,
,,09/10/09 03:41 PM,"joes2e1252622490615",1,,
,,09/10/09 04:56 PM,"joes2e1252627007831",1,,
,,09/10/09 04:59 PM,"joes2e1252627186289",1,,
,,09/10/09 04:59 PM,"joes2e1252627196841",1,,
,,09/10/09 05:01 PM,"joes2e1252627312445",1,,
,,09/10/09 05:06 PM,"joes2e1252627591455",1,,
,,09/10/09 09:37 PM,"joes2e1252643887426",1,,
,,09/10/09 10:32 PM,"joes2e1252647129457",1,,
,,09/11/09 09:49 AM,"joes2e1252687758509",1,,
,,09/11/09 11:15 AM,"joes2e1252692910476",1,,
,,09/11/09 01:33 PM,"joes2e1252701223200",1,,
,,09/11/09 02:08 PM,"joes2e1252703307154",1,,
,,09/11/09 04:25 PM,"joes2e1252711516900",1,,
"joe",,09/12/09 02:53 PM,"joes2e1252792384967",2,"s2e",1234
,,09/12/09 03:11 PM,"joes2e1252792741376",2,,
"joe",,09/12/09 03:56 PM,"joes2e1252796189214",2,"s2e",1234
"joe",,09/12/09 04:33 PM,"joes2e1252798442551",2,"s2e",1234
"joe",,09/14/09 01:41 PM,"joes2e1252960908765",2,"s2e",1234
"joe",,09/14/09 01:47 PM,"joes2e1252961253133",2,"s2e",1234
,,09/14/09 01:54 PM,"joes2e1252961687326",2,,
"joe",,09/14/09 01:55 PM,"joes2e1252961752690",2,"s2e",1234
"joe",,09/11/09 10:26 AM,"joes2esolved1252625315078",1,"s2e","blah blah"
"lkkl",,09/15/09 03:43 PM,"lkkls2e1253054634648",2,"s2e",1234
"nickagain",,09/11/09 05:06 PM,"nickagains2e1252713986483",2,"s2e",1234
"nick",,09/14/09 02:15 PM,"nicks2e1252962924604",2,"s2e",1234
"nick",,09/14/09 02:16 PM,"nicks2e1252963019256",2,"s2e",1234
"santa",,09/11/09 05:16 PM,"santas2e1252714615313",2,"s2e",1234
"uyuyuyu",,09/15/09 01:59 PM,"uyuyuyus2e1253048370380",2,"s2e",1234
